<?xml version="1.0" encoding="UTF-8"?>
<metadata xml:lang="en"><Esri><CreaDate>20170508</CreaDate><CreaTime>11505700</CreaTime><ArcGISFormat>1.0</ArcGISFormat><SyncOnce>FALSE</SyncOnce><DataProperties><lineage><Process ToolSource="c:\program files (x86)\arcgis\desktop10.2\ArcToolbox\Toolboxes\Data Management Tools.tbx\CalculateField" Date="20160905" Time="144535">CalculateField INDO_DESA_2014 DESA "OTAM BARAT" VB #</Process><Process ToolSource="c:\program files (x86)\arcgis\desktop10.2\ArcToolbox\Toolboxes\Data Management Tools.tbx\CalculateField" Date="20160905" Time="144620">CalculateField INDO_DESA_2014 TAHUN "2014" VB #</Process><Process ToolSource="c:\program files (x86)\arcgis\desktop10.2\ArcToolbox\Toolboxes\Data Management Tools.tbx\CalculateField" Date="20160905" Time="144641">CalculateField INDO_DESA_2014 SUMBER "BPS" VB #</Process><Process ToolSource="c:\program files (x86)\arcgis\desktop10.2\ArcToolbox\Toolboxes\Data Management Tools.tbx\CalculateField" Date="20160905" Time="150604">CalculateField INDO_DESA_2014 KABKOT "MOROWALI UTARA" VB #</Process><Process ToolSource="c:\program files (x86)\arcgis\desktop10.2\ArcToolbox\Toolboxes\Data Management Tools.tbx\CalculateField" Date="20160905" Time="150627">CalculateField INDO_DESA_2014 KECAMATAN "PETASIA BARAT" VB #</Process><Process ToolSource="c:\program files (x86)\arcgis\desktop10.2\ArcToolbox\Toolboxes\Data Management Tools.tbx\CalculateField" Date="20160905" Time="150707">CalculateField INDO_DESA_2014 KABKOTNO "12" VB #</Process><Process ToolSource="c:\program files (x86)\arcgis\desktop10.2\ArcToolbox\Toolboxes\Data Management Tools.tbx\CalculateField" Date="20160905" Time="150715">CalculateField INDO_DESA_2014 KECNO "060" VB #</Process><Process ToolSource="c:\program files (x86)\arcgis\desktop10.2\ArcToolbox\Toolboxes\Data Management Tools.tbx\CalculateField" Date="20160905" Time="150729">CalculateField INDO_DESA_2014 IDDESA "[PROVNO]+ [KABKOTNO]+ [KECNO]+ [DESANO]" VB #</Process><Process ToolSource="c:\program files (x86)\arcgis\desktop10.2\ArcToolbox\Toolboxes\Data Management Tools.tbx\CalculateField" Date="20160905" Time="151142">CalculateField INDO_DESA_2014 KABKOT "PEGUNUNGAN ARFAK" VB #</Process><Process ToolSource="c:\program files (x86)\arcgis\desktop10.2\ArcToolbox\Toolboxes\Data Management Tools.tbx\CalculateField" Date="20160905" Time="151154">CalculateField INDO_DESA_2014 KABKOTNO "12" VB #</Process><Process ToolSource="c:\program files (x86)\arcgis\desktop10.2\ArcToolbox\Toolboxes\Data Management Tools.tbx\CalculateField" Date="20160905" Time="151201">CalculateField INDO_DESA_2014 KECNO "020" VB #</Process><Process ToolSource="c:\program files (x86)\arcgis\desktop10.2\ArcToolbox\Toolboxes\Data Management Tools.tbx\CalculateField" Date="20160905" Time="151213">CalculateField INDO_DESA_2014 IDDESA "[PROVNO]+ [KABKOTNO]+ [KECNO]+ [DESANO]" VB #</Process><Process ToolSource="c:\program files (x86)\arcgis\desktop10.2\ArcToolbox\Toolboxes\Data Management Tools.tbx\CalculateField" Date="20160906" Time="075401">CalculateField INDO_DESA_2014 KABKOTNO "12" VB #</Process><Process ToolSource="c:\program files (x86)\arcgis\desktop10.2\ArcToolbox\Toolboxes\Data Management Tools.tbx\CalculateField" Date="20160906" Time="075410">CalculateField INDO_DESA_2014 KECNO "030" VB #</Process><Process ToolSource="c:\program files (x86)\arcgis\desktop10.2\ArcToolbox\Toolboxes\Data Management Tools.tbx\CalculateField" Date="20160906" Time="075426">CalculateField INDO_DESA_2014 KABKOT "PEGUNUNGAN ARFAK" VB #</Process><Process ToolSource="c:\program files (x86)\arcgis\desktop10.2\ArcToolbox\Toolboxes\Data Management Tools.tbx\CalculateField" Date="20160906" Time="090211">CalculateField INDO_DESA_2014 KABKOT "WADUK CIRATA" VB #</Process><Process ToolSource="c:\program files (x86)\arcgis\desktop10.2\ArcToolbox\Toolboxes\Data Management Tools.tbx\CalculateField" Date="20160906" Time="095346">CalculateField INDO_DESA_2014 PROVINSI "ACEH" VB #</Process><Process ToolSource="c:\program files (x86)\arcgis\desktop10.2\ArcToolbox\Toolboxes\Data Management Tools.tbx\CalculateField" Date="20160908" Time="115930">CalculateField INDO_DESA_2015_process KECAMATAN "TAPUNG HULU" VB #</Process><Process ToolSource="c:\program files (x86)\arcgis\desktop10.2\ArcToolbox\Toolboxes\Data Management Tools.tbx\CalculateField" Date="20160908" Time="120002">CalculateField INDO_DESA_2015_process KABKOT "KAMPAR" VB #</Process><Process ToolSource="c:\program files (x86)\arcgis\desktop10.2\ArcToolbox\Toolboxes\Data Management Tools.tbx\CalculateField" Date="20160908" Time="122018">CalculateField INDO_DESA_2015_process KABKOTNO "06" VB #</Process><Process ToolSource="c:\program files (x86)\arcgis\desktop10.2\ArcToolbox\Toolboxes\Data Management Tools.tbx\CalculateField" Date="20160908" Time="122041">CalculateField INDO_DESA_2015_process KECNO "041" VB #</Process><Process ToolSource="c:\program files (x86)\arcgis\desktop10.2\ArcToolbox\Toolboxes\Data Management Tools.tbx\CalculateField" Date="20160908" Time="122203">CalculateField INDO_DESA_2015_process DESANO Right( [IDDESA],3 ) VB #</Process><Process ToolSource="c:\program files (x86)\arcgis\desktop10.2\ArcToolbox\Toolboxes\Data Management Tools.tbx\CalculateField" Date="20160909" Time="085830">CalculateField INDO_DESA_2015_process KECNO "093" VB #</Process><Process ToolSource="c:\program files (x86)\arcgis\desktop10.2\ArcToolbox\Toolboxes\Data Management Tools.tbx\CalculateField" Date="20160909" Time="085857">CalculateField INDO_DESA_2015_process KECAMATAN "KEDATON PENINJAUAN RAYA" VB #</Process><Process ToolSource="c:\program files (x86)\arcgis\desktop10.2\ArcToolbox\Toolboxes\Data Management Tools.tbx\CalculateField" Date="20160909" Time="085940">CalculateField INDO_DESA_2015_process IDDESA "[PROVNO] + [KABKOTNO] + [KECNO] + [DESANO]" VB #</Process><Process ToolSource="c:\program files (x86)\arcgis\desktop10.2\ArcToolbox\Toolboxes\Data Management Tools.tbx\CalculateField" Date="20160909" Time="090155">CalculateField INDO_DESA_2015_process IDDESA "[PROVNO] + [KABKOTNO] + [KECNO] + [DESANO]" VB #</Process><Process ToolSource="c:\program files (x86)\arcgis\desktop10.2\ArcToolbox\Toolboxes\Data Management Tools.tbx\CalculateField" Date="20160909" Time="094738">CalculateField INDO_DESA_2015_process KECAMATAN "PINANG RAYA" VB #</Process><Process ToolSource="c:\program files (x86)\arcgis\desktop10.2\ArcToolbox\Toolboxes\Data Management Tools.tbx\CalculateField" Date="20160909" Time="094801">CalculateField INDO_DESA_2015_process KECNO "093" VB #</Process><Process ToolSource="c:\program files (x86)\arcgis\desktop10.2\ArcToolbox\Toolboxes\Data Management Tools.tbx\CalculateField" Date="20160909" Time="094931">CalculateField INDO_DESA_2015_process IDDESA "[PROVNO]+ [KABKOTNO]+ [KECNO]+ [DESANO]" VB #</Process><Process ToolSource="c:\program files (x86)\arcgis\desktop10.2\ArcToolbox\Toolboxes\Data Management Tools.tbx\CalculateField" Date="20160909" Time="095132">CalculateField INDO_DESA_2015_process KECNO "101" VB #</Process><Process ToolSource="c:\program files (x86)\arcgis\desktop10.2\ArcToolbox\Toolboxes\Data Management Tools.tbx\CalculateField" Date="20160909" Time="095310">CalculateField INDO_DESA_2015_process IDDESA "[PROVNO]+ [KABKOTNO]+ [KECNO]+ [DESANO]" VB #</Process><Process ToolSource="c:\program files (x86)\arcgis\desktop10.2\ArcToolbox\Toolboxes\Data Management Tools.tbx\CalculateField" Date="20160913" Time="134241">CalculateField INDO_DESA_2015_process KECNO "021" VB #</Process><Process ToolSource="c:\program files (x86)\arcgis\desktop10.2\ArcToolbox\Toolboxes\Data Management Tools.tbx\CalculateField" Date="20160913" Time="134440">CalculateField INDO_DESA_2015_process KECAMATAN "HELUMO" VB #</Process><Process ToolSource="c:\program files (x86)\arcgis\desktop10.2\ArcToolbox\Toolboxes\Data Management Tools.tbx\CalculateField" Date="20160913" Time="134621">CalculateField INDO_DESA_2015_process IDDESA "[PROVNO]+ [KABKOTNO]+ [KECNO]+ [DESANO]" VB #</Process><Process ToolSource="c:\program files (x86)\arcgis\desktop10.2\ArcToolbox\Toolboxes\Data Management Tools.tbx\CalculateField" Date="20160914" Time="150417">CalculateField INDO_DESA_2015_process KECNO "051" VB #</Process><Process ToolSource="c:\program files (x86)\arcgis\desktop10.2\ArcToolbox\Toolboxes\Data Management Tools.tbx\CalculateField" Date="20160914" Time="150445">CalculateField INDO_DESA_2015_process KECAMATAN "RATOLINDO" VB #</Process><Process ToolSource="c:\program files (x86)\arcgis\desktop10.2\ArcToolbox\Toolboxes\Data Management Tools.tbx\CalculateField" Date="20160914" Time="150511">CalculateField INDO_DESA_2015_process IDDESA "[PROVNO]+ [KABKOTNO]+ [KECNO]+ [DESANO]" VB #</Process><Process ToolSource="c:\program files (x86)\arcgis\desktop10.2\ArcToolbox\Toolboxes\Data Management Tools.tbx\CalculateField" Date="20160914" Time="150742">CalculateField INDO_DESA_2015_process KECNO "061" VB #</Process><Process ToolSource="c:\program files (x86)\arcgis\desktop10.2\ArcToolbox\Toolboxes\Data Management Tools.tbx\CalculateField" Date="20160914" Time="150811">CalculateField INDO_DESA_2015_process KECAMATAN "BATUDAKA" VB #</Process><Process ToolSource="c:\program files (x86)\arcgis\desktop10.2\ArcToolbox\Toolboxes\Data Management Tools.tbx\CalculateField" Date="20160914" Time="150834">CalculateField INDO_DESA_2015_process IDDESA "[PROVNO]+ [KABKOTNO]+ [KECNO]+ [DESANO]" VB #</Process><Process ToolSource="c:\program files (x86)\arcgis\desktop10.2\ArcToolbox\Toolboxes\Data Management Tools.tbx\CalculateField" Date="20160914" Time="153436">CalculateField INDO_DESA_2015_process KECNO "082" VB #</Process><Process ToolSource="c:\program files (x86)\arcgis\desktop10.2\ArcToolbox\Toolboxes\Data Management Tools.tbx\CalculateField" Date="20160914" Time="153510">CalculateField INDO_DESA_2015_process KECAMATAN "TALATAKO" VB #</Process><Process ToolSource="c:\program files (x86)\arcgis\desktop10.2\ArcToolbox\Toolboxes\Data Management Tools.tbx\CalculateField" Date="20160914" Time="153530">CalculateField INDO_DESA_2015_process IDDESA "[PROVNO]+ [KABKOTNO]+ [KECNO]+ [DESANO]" VB #</Process><Process ToolSource="c:\program files (x86)\arcgis\desktop10.2\ArcToolbox\Toolboxes\Data Management Tools.tbx\CalculateField" Date="20160916" Time="104711">CalculateField INDO_DESA_2015_process KECNO "022" VB #</Process><Process ToolSource="c:\program files (x86)\arcgis\desktop10.2\ArcToolbox\Toolboxes\Data Management Tools.tbx\CalculateField" Date="20160916" Time="105311">CalculateField INDO_DESA_2015_process KECAMATAN "ANDOLO BARAT" VB #</Process><Process ToolSource="c:\program files (x86)\arcgis\desktop10.2\ArcToolbox\Toolboxes\Data Management Tools.tbx\CalculateField" Date="20160916" Time="105751">CalculateField INDO_DESA_2015_process IDDESA "[PROVNO]+ [KABKOTNO]+ [KECNO]+ [DESANO]" VB #</Process><Process ToolSource="c:\program files (x86)\arcgis\desktop10.2\ArcToolbox\Toolboxes\Data Management Tools.tbx\CalculateField" Date="20160916" Time="120730">CalculateField INDO_DESA_2015_process IDDESA "[PROVNO]+ [KABKOTNO]+ [KECNO]+ [DESANO]" VB #</Process><Process ToolSource="c:\program files (x86)\arcgis\desktop10.2\ArcToolbox\Toolboxes\Data Management Tools.tbx\CalculateField" Date="20160916" Time="120935">CalculateField INDO_DESA_2015_process KECNO "051" VB #</Process><Process ToolSource="c:\program files (x86)\arcgis\desktop10.2\ArcToolbox\Toolboxes\Data Management Tools.tbx\CalculateField" Date="20160916" Time="120959">CalculateField INDO_DESA_2015_process KECAMATAN "KOLONO TIMUR" VB #</Process><Process ToolSource="c:\program files (x86)\arcgis\desktop10.2\ArcToolbox\Toolboxes\Data Management Tools.tbx\CalculateField" Date="20160916" Time="121136">CalculateField INDO_DESA_2015_process IDDESA "KOLONO TIMUR" VB #</Process><Process ToolSource="c:\program files (x86)\arcgis\desktop10.2\ArcToolbox\Toolboxes\Data Management Tools.tbx\CalculateField" Date="20160916" Time="121204">CalculateField INDO_DESA_2015_process IDDESA "[PROVNO]+ [KABKOTNO]+ [KECNO]+ [DESANO]" VB #</Process><Process ToolSource="c:\program files (x86)\arcgis\desktop10.2\ArcToolbox\Toolboxes\Data Management Tools.tbx\CalculateField" Date="20160916" Time="121354">CalculateField INDO_DESA_2015_process KECNO "102" VB #</Process><Process ToolSource="c:\program files (x86)\arcgis\desktop10.2\ArcToolbox\Toolboxes\Data Management Tools.tbx\CalculateField" Date="20160916" Time="121437">CalculateField INDO_DESA_2015_process KECAMATAN "SABULAKOA" VB #</Process><Process ToolSource="c:\program files (x86)\arcgis\desktop10.2\ArcToolbox\Toolboxes\Data Management Tools.tbx\CalculateField" Date="20160916" Time="121635">CalculateField INDO_DESA_2015_process IDDESA "[PROVNO]+ [KABKOTNO]+ [KECNO]+ [DESANO]" VB #</Process><Process ToolSource="c:\program files (x86)\arcgis\desktop10.2\ArcToolbox\Toolboxes\Data Management Tools.tbx\CalculateField" Date="20160916" Time="131730">CalculateField INDO_DESA_2015_process KECNO "010" VB #</Process><Process ToolSource="c:\program files (x86)\arcgis\desktop10.2\ArcToolbox\Toolboxes\Data Management Tools.tbx\CalculateField" Date="20160916" Time="131903">CalculateField INDO_DESA_2015_process KECAMATAN "TIWORO SELATAN" VB #</Process><Process ToolSource="c:\program files (x86)\arcgis\desktop10.2\ArcToolbox\Toolboxes\Data Management Tools.tbx\CalculateField" Date="20160916" Time="131927">CalculateField INDO_DESA_2015_process KECAMATAN "TIWORO SELATAN" VB #</Process><Process ToolSource="c:\program files (x86)\arcgis\desktop10.2\ArcToolbox\Toolboxes\Data Management Tools.tbx\CalculateField" Date="20160916" Time="132001">CalculateField INDO_DESA_2015_process KECAMATAN "TIWORO SELATAN" VB #</Process><Process ToolSource="c:\program files (x86)\arcgis\desktop10.2\ArcToolbox\Toolboxes\Data Management Tools.tbx\CalculateField" Date="20160916" Time="132024">CalculateField INDO_DESA_2015_process KECAMATAN "TIWORO SELATAN" VB #</Process><Process ToolSource="c:\program files (x86)\arcgis\desktop10.2\ArcToolbox\Toolboxes\Data Management Tools.tbx\CalculateField" Date="20160916" Time="132109">CalculateField INDO_DESA_2015_process IDDESA "[PROVNO]+ [KABKOTNO]+ [KECNO]+ [DESANO]" VB #</Process><Process ToolSource="c:\program files (x86)\arcgis\desktop10.2\ArcToolbox\Toolboxes\Data Management Tools.tbx\CalculateField" Date="20160916" Time="132612">CalculateField INDO_DESA_2015_process KECNO "030" VB #</Process><Process ToolSource="c:\program files (x86)\arcgis\desktop10.2\ArcToolbox\Toolboxes\Data Management Tools.tbx\CalculateField" Date="20160916" Time="132648">CalculateField INDO_DESA_2015_process IDDESA "[PROVNO]+ [KABKOTNO]+ [KECNO]+ [DESANO]" VB #</Process><Process ToolSource="c:\program files (x86)\arcgis\desktop10.2\ArcToolbox\Toolboxes\Data Management Tools.tbx\CalculateField" Date="20160916" Time="132938">CalculateField INDO_DESA_2015_process KECNO "040" VB #</Process><Process ToolSource="c:\program files (x86)\arcgis\desktop10.2\ArcToolbox\Toolboxes\Data Management Tools.tbx\CalculateField" Date="20160916" Time="132954">CalculateField INDO_DESA_2015_process IDDESA "[PROVNO]+ [KABKOTNO]+ [KECNO]+ [DESANO]" VB #</Process><Process ToolSource="c:\program files (x86)\arcgis\desktop10.2\ArcToolbox\Toolboxes\Data Management Tools.tbx\CalculateField" Date="20160916" Time="161744">CalculateField INDO_DESA_2015_process KECNO "050" VB #</Process><Process ToolSource="c:\program files (x86)\arcgis\desktop10.2\ArcToolbox\Toolboxes\Data Management Tools.tbx\CalculateField" Date="20160916" Time="161758">CalculateField INDO_DESA_2015_process IDDESA "[PROVNO]+ [KABKOTNO]+ [KECNO]+ [DESANO]" VB #</Process><Process ToolSource="c:\program files (x86)\arcgis\desktop10.2\ArcToolbox\Toolboxes\Data Management Tools.tbx\CalculateField" Date="20160916" Time="162044">CalculateField INDO_DESA_2015_process KECNO "060" VB #</Process><Process ToolSource="c:\program files (x86)\arcgis\desktop10.2\ArcToolbox\Toolboxes\Data Management Tools.tbx\CalculateField" Date="20160916" Time="162104">CalculateField INDO_DESA_2015_process IDDESA "[PROVNO]+ [KABKOTNO]+ [KECNO]+ [DESANO]" VB #</Process><Process ToolSource="c:\program files (x86)\arcgis\desktop10.2\ArcToolbox\Toolboxes\Data Management Tools.tbx\CalculateField" Date="20160916" Time="162210">CalculateField INDO_DESA_2015_process KECNO "070" VB #</Process><Process ToolSource="c:\program files (x86)\arcgis\desktop10.2\ArcToolbox\Toolboxes\Data Management Tools.tbx\CalculateField" Date="20160916" Time="162223">CalculateField INDO_DESA_2015_process IDDESA "[PROVNO]+ [KABKOTNO]+ [KECNO]+ [DESANO]" VB #</Process><Process ToolSource="c:\program files (x86)\arcgis\desktop10.2\ArcToolbox\Toolboxes\Data Management Tools.tbx\CalculateField" Date="20160916" Time="162537">CalculateField INDO_DESA_2015_process KECNO "070" VB #</Process><Process ToolSource="c:\program files (x86)\arcgis\desktop10.2\ArcToolbox\Toolboxes\Data Management Tools.tbx\CalculateField" Date="20160916" Time="162553">CalculateField INDO_DESA_2015_process IDDESA "[PROVNO]+ [KABKOTNO]+ [KECNO]+ [DESANO]" VB #</Process><Process ToolSource="c:\program files (x86)\arcgis\desktop10.2\ArcToolbox\Toolboxes\Data Management Tools.tbx\CalculateField" Date="20160919" Time="085951">CalculateField INDO_DESA_2015_process IDDESA "[PROVNO]+ [KABKOTNO]+ [KECNO]+ [DESANO]" VB #</Process><Process ToolSource="c:\program files (x86)\arcgis\desktop10.2\ArcToolbox\Toolboxes\Data Management Tools.tbx\CalculateField" Date="20160919" Time="090353">CalculateField INDO_DESA_2015_process IDDESA "[PROVNO]+ [KABKOTNO]+ [KECNO]+ [DESANO]" VB #</Process><Process ToolSource="c:\program files (x86)\arcgis\desktop10.2\ArcToolbox\Toolboxes\Data Management Tools.tbx\CalculateField" Date="20160919" Time="092649">CalculateField INDO_DESA_2015_process KECNO "020" VB #</Process><Process ToolSource="c:\program files (x86)\arcgis\desktop10.2\ArcToolbox\Toolboxes\Data Management Tools.tbx\CalculateField" Date="20160919" Time="092725">CalculateField INDO_DESA_2015_process IDDESA "[PROVNO]+ [KABKOTNO]+ [KECNO]+ [DESANO]" VB #</Process><Process ToolSource="c:\program files (x86)\arcgis\desktop10.2\ArcToolbox\Toolboxes\Data Management Tools.tbx\CalculateField" Date="20160919" Time="102241">CalculateField INDO_DESA_2015_process IDDESA "[PROVNO]+ [KABKOTNO]+ [KECNO]+ [DESANO]" VB #</Process><Process ToolSource="c:\program files (x86)\arcgis\desktop10.2\ArcToolbox\Toolboxes\Data Management Tools.tbx\CalculateField" Date="20160919" Time="102823">CalculateField INDO_DESA_2015_process KECNO "080" VB #</Process><Process ToolSource="c:\program files (x86)\arcgis\desktop10.2\ArcToolbox\Toolboxes\Data Management Tools.tbx\CalculateField" Date="20160919" Time="102831">CalculateField INDO_DESA_2015_process IDDESA "[PROVNO]+ [KABKOTNO]+ [KECNO]+ [DESANO]" VB #</Process><Process ToolSource="c:\program files (x86)\arcgis\desktop10.2\ArcToolbox\Toolboxes\Data Management Tools.tbx\CalculateField" Date="20160919" Time="103103">CalculateField INDO_DESA_2015_process KECNO "090" VB #</Process><Process ToolSource="c:\program files (x86)\arcgis\desktop10.2\ArcToolbox\Toolboxes\Data Management Tools.tbx\CalculateField" Date="20160919" Time="103123">CalculateField INDO_DESA_2015_process IDDESA "[PROVNO]+ [KABKOTNO]+ [KECNO]+ [DESANO]" VB #</Process><Process ToolSource="c:\program files (x86)\arcgis\desktop10.2\ArcToolbox\Toolboxes\Data Management Tools.tbx\CalculateField" Date="20160919" Time="103158">CalculateField INDO_DESA_2015_process IDDESA "[PROVNO]+ [KABKOTNO]+ [KECNO]+ [DESANO]" VB #</Process><Process ToolSource="c:\program files (x86)\arcgis\desktop10.2\ArcToolbox\Toolboxes\Data Management Tools.tbx\CalculateField" Date="20160919" Time="103707">CalculateField INDO_DESA_2015_process KECNO "100" VB #</Process><Process ToolSource="c:\program files (x86)\arcgis\desktop10.2\ArcToolbox\Toolboxes\Data Management Tools.tbx\CalculateField" Date="20160919" Time="103802">CalculateField INDO_DESA_2015_process IDDESA "[PROVNO]+ [KABKOTNO]+ [KECNO]+ [DESANO]" VB #</Process><Process ToolSource="c:\program files (x86)\arcgis\desktop10.2\ArcToolbox\Toolboxes\Data Management Tools.tbx\CalculateField" Date="20160919" Time="103909">CalculateField INDO_DESA_2015_process IDDESA "[PROVNO]+ [KABKOTNO]+ [KECNO]+ [DESANO]" VB #</Process><Process ToolSource="c:\program files (x86)\arcgis\desktop10.2\ArcToolbox\Toolboxes\Data Management Tools.tbx\CalculateField" Date="20160919" Time="103954">CalculateField INDO_DESA_2015_process IDDESA "[PROVNO]+ [KABKOTNO]+ [KECNO]+ [DESANO]" VB #</Process><Process ToolSource="c:\program files (x86)\arcgis\desktop10.2\ArcToolbox\Toolboxes\Data Management Tools.tbx\CalculateField" Date="20160919" Time="104035">CalculateField INDO_DESA_2015_process KECNO "100" VB #</Process><Process ToolSource="c:\program files (x86)\arcgis\desktop10.2\ArcToolbox\Toolboxes\Data Management Tools.tbx\CalculateField" Date="20160919" Time="104147">CalculateField INDO_DESA_2015_process IDDESA "[PROVNO]+ [KABKOTNO]+ [KECNO]+ [DESANO]" VB #</Process><Process ToolSource="c:\program files (x86)\arcgis\desktop10.2\ArcToolbox\Toolboxes\Data Management Tools.tbx\CalculateField" Date="20160919" Time="104404">CalculateField INDO_DESA_2015_process KECNO "110" VB #</Process><Process ToolSource="c:\program files (x86)\arcgis\desktop10.2\ArcToolbox\Toolboxes\Data Management Tools.tbx\CalculateField" Date="20160919" Time="104424">CalculateField INDO_DESA_2015_process IDDESA "[PROVNO]+ [KABKOTNO]+ [KECNO]+ [DESANO]" VB #</Process><Process ToolSource="c:\program files (x86)\arcgis\desktop10.2\ArcToolbox\Toolboxes\Data Management Tools.tbx\CalculateField" Date="20160919" Time="104557">CalculateField INDO_DESA_2015_process KECNO "010" VB #</Process><Process ToolSource="c:\program files (x86)\arcgis\desktop10.2\ArcToolbox\Toolboxes\Data Management Tools.tbx\CalculateField" Date="20160919" Time="104616">CalculateField INDO_DESA_2015_process IDDESA "[PROVNO]+ [KABKOTNO]+ [KECNO]+ [DESANO]" VB #</Process><Process ToolSource="c:\program files (x86)\arcgis\desktop10.2\ArcToolbox\Toolboxes\Data Management Tools.tbx\CalculateField" Date="20160919" Time="105024">CalculateField INDO_DESA_2015_process KECNO "020" VB #</Process><Process ToolSource="c:\program files (x86)\arcgis\desktop10.2\ArcToolbox\Toolboxes\Data Management Tools.tbx\CalculateField" Date="20160919" Time="105208">CalculateField INDO_DESA_2015_process IDDESA "[PROVNO]+ [KABKOTNO]+ [KECNO]+ [DESANO]" VB #</Process><Process ToolSource="c:\program files (x86)\arcgis\desktop10.2\ArcToolbox\Toolboxes\Data Management Tools.tbx\CalculateField" Date="20160919" Time="105357">CalculateField INDO_DESA_2015_process KECNO "030" VB #</Process><Process ToolSource="c:\program files (x86)\arcgis\desktop10.2\ArcToolbox\Toolboxes\Data Management Tools.tbx\CalculateField" Date="20160919" Time="105429">CalculateField INDO_DESA_2015_process IDDESA "[PROVNO]+ [KABKOTNO]+ [KECNO]+ [DESANO]" VB #</Process><Process ToolSource="c:\program files (x86)\arcgis\desktop10.2\ArcToolbox\Toolboxes\Data Management Tools.tbx\CalculateField" Date="20160919" Time="105548">CalculateField INDO_DESA_2015_process KECNO "040" VB #</Process><Process ToolSource="c:\program files (x86)\arcgis\desktop10.2\ArcToolbox\Toolboxes\Data Management Tools.tbx\CalculateField" Date="20160919" Time="105610">CalculateField INDO_DESA_2015_process IDDESA "[PROVNO]+ [KABKOTNO]+ [KECNO]+ [DESANO]" VB #</Process><Process ToolSource="c:\program files (x86)\arcgis\desktop10.2\ArcToolbox\Toolboxes\Data Management Tools.tbx\CalculateField" Date="20160919" Time="110259">CalculateField INDO_DESA_2015_process KECNO "050" VB #</Process><Process ToolSource="c:\program files (x86)\arcgis\desktop10.2\ArcToolbox\Toolboxes\Data Management Tools.tbx\CalculateField" Date="20160919" Time="110336">CalculateField INDO_DESA_2015_process IDDESA "[PROVNO]+ [KABKOTNO]+ [KECNO]+ [DESANO]" VB #</Process><Process ToolSource="c:\program files (x86)\arcgis\desktop10.2\ArcToolbox\Toolboxes\Data Management Tools.tbx\CalculateField" Date="20160919" Time="110640">CalculateField INDO_DESA_2015_process KECNO "060" VB #</Process><Process ToolSource="c:\program files (x86)\arcgis\desktop10.2\ArcToolbox\Toolboxes\Data Management Tools.tbx\CalculateField" Date="20160919" Time="110717">CalculateField INDO_DESA_2015_process IDDESA "[PROVNO]+ [KABKOTNO]+ [KECNO]+ [DESANO]" VB #</Process><Process ToolSource="c:\program files (x86)\arcgis\desktop10.2\ArcToolbox\Toolboxes\Data Management Tools.tbx\CalculateField" Date="20160919" Time="110806">CalculateField INDO_DESA_2015_process KECNO "070" VB #</Process><Process ToolSource="c:\program files (x86)\arcgis\desktop10.2\ArcToolbox\Toolboxes\Data Management Tools.tbx\CalculateField" Date="20160919" Time="110822">CalculateField INDO_DESA_2015_process IDDESA "[PROVNO]+ [KABKOTNO]+ [KECNO]+ [DESANO]" VB #</Process><Process ToolSource="c:\program files (x86)\arcgis\desktop10.2\ArcToolbox\Toolboxes\Data Management Tools.tbx\CalculateField" Date="20160919" Time="111006">CalculateField INDO_DESA_2015_process KECNO "010" VB #</Process><Process ToolSource="c:\program files (x86)\arcgis\desktop10.2\ArcToolbox\Toolboxes\Data Management Tools.tbx\CalculateField" Date="20160919" Time="111028">CalculateField INDO_DESA_2015_process IDDESA "[PROVNO]+ [KABKOTNO]+ [KECNO]+ [DESANO]" VB #</Process><Process ToolSource="c:\program files (x86)\arcgis\desktop10.2\ArcToolbox\Toolboxes\Data Management Tools.tbx\CalculateField" Date="20160919" Time="111140">CalculateField INDO_DESA_2015_process KECNO "020" VB #</Process><Process ToolSource="c:\program files (x86)\arcgis\desktop10.2\ArcToolbox\Toolboxes\Data Management Tools.tbx\CalculateField" Date="20160919" Time="111158">CalculateField INDO_DESA_2015_process IDDESA "[PROVNO]+ [KABKOTNO]+ [KECNO]+ [DESANO]" VB #</Process><Process ToolSource="c:\program files (x86)\arcgis\desktop10.2\ArcToolbox\Toolboxes\Data Management Tools.tbx\CalculateField" Date="20160919" Time="111337">CalculateField INDO_DESA_2015_process KECNO "030" VB #</Process><Process ToolSource="c:\program files (x86)\arcgis\desktop10.2\ArcToolbox\Toolboxes\Data Management Tools.tbx\CalculateField" Date="20160919" Time="111427">CalculateField INDO_DESA_2015_process IDDESA "[PROVNO]+ [KABKOTNO]+ [KECNO]+ [DESANO]" VB #</Process><Process ToolSource="c:\program files (x86)\arcgis\desktop10.2\ArcToolbox\Toolboxes\Data Management Tools.tbx\CalculateField" Date="20160919" Time="111620">CalculateField INDO_DESA_2015_process KECNO "040" VB #</Process><Process ToolSource="c:\program files (x86)\arcgis\desktop10.2\ArcToolbox\Toolboxes\Data Management Tools.tbx\CalculateField" Date="20160919" Time="111651">CalculateField INDO_DESA_2015_process IDDESA "[PROVNO]+ [KABKOTNO]+ [KECNO]+ [DESANO]" VB #</Process><Process ToolSource="c:\program files (x86)\arcgis\desktop10.2\ArcToolbox\Toolboxes\Data Management Tools.tbx\CalculateField" Date="20160919" Time="111742">CalculateField INDO_DESA_2015_process KECNO "050" VB #</Process><Process ToolSource="c:\program files (x86)\arcgis\desktop10.2\ArcToolbox\Toolboxes\Data Management Tools.tbx\CalculateField" Date="20160919" Time="111802">CalculateField INDO_DESA_2015_process IDDESA "[PROVNO]+ [KABKOTNO]+ [KECNO]+ [DESANO]" VB #</Process><Process ToolSource="c:\program files (x86)\arcgis\desktop10.2\ArcToolbox\Toolboxes\Data Management Tools.tbx\CalculateField" Date="20160919" Time="111902">CalculateField INDO_DESA_2015_process KECNO "060" VB #</Process><Process ToolSource="c:\program files (x86)\arcgis\desktop10.2\ArcToolbox\Toolboxes\Data Management Tools.tbx\CalculateField" Date="20160919" Time="111925">CalculateField INDO_DESA_2015_process IDDESA "[PROVNO]+ [KABKOTNO]+ [KECNO]+ [DESANO]" VB #</Process><Process ToolSource="c:\program files (x86)\arcgis\desktop10.2\ArcToolbox\Toolboxes\Data Management Tools.tbx\CalculateField" Date="20160919" Time="113046">CalculateField INDO_DESA_2015_process KECNO "070" VB #</Process><Process ToolSource="c:\program files (x86)\arcgis\desktop10.2\ArcToolbox\Toolboxes\Data Management Tools.tbx\CalculateField" Date="20160919" Time="113110">CalculateField INDO_DESA_2015_process IDDESA "[PROVNO]+ [KABKOTNO]+ [KECNO]+ [DESANO]" VB #</Process><Process ToolSource="c:\program files (x86)\arcgis\desktop10.2\ArcToolbox\Toolboxes\Data Management Tools.tbx\CalculateField" Date="20161013" Time="082201">CalculateField SUMATERA IDDESA "1409010025" VB #</Process><Process ToolSource="c:\program files (x86)\arcgis\desktop10.2\ArcToolbox\Toolboxes\Data Management Tools.tbx\CalculateField" Date="20161013" Time="085304">CalculateField SUMATERA IDDESA "1409020038" VB #</Process><Process ToolSource="c:\program files (x86)\arcgis\desktop10.2\ArcToolbox\Toolboxes\Data Management Tools.tbx\CalculateField" Date="20161013" Time="150502">CalculateField SUMATERA IDDESA "1609031034" VB #</Process><Process ToolSource="c:\program files (x86)\arcgis\desktop10.2\ArcToolbox\Toolboxes\Data Management Tools.tbx\CalculateField" Date="20161013" Time="150608">CalculateField SUMATERA IDDESA "1609031034" VB #</Process><Process ToolSource="c:\program files (x86)\arcgis\desktop10.2\ArcToolbox\Toolboxes\Data Management Tools.tbx\CalculateField" Date="20161013" Time="152045">CalculateField SUMATERA IDDESA "1609101013" VB #</Process><Process ToolSource="C:\Program Files\ArcGIS\Desktop10.0\ArcToolbox\Toolboxes\Data Management Tools.tbx\CalculateField" Date="20170412" Time="111255">CalculateField "SUMATERA_edit_28 feb_2017" KECAMATAN "MARGA SAKTI SEBELAT" VB #</Process><Process ToolSource="c:\program files (x86)\arcgis\desktop10.2\ArcToolbox\Toolboxes\Data Management Tools.tbx\CalculateField" Date="20170503" Time="125111">CalculateField Indo IDDESA "[PROVNO]+ [KABKOTNO]+ [KECNO]+ [DESANO]" VB #</Process><Process ToolSource="c:\program files (x86)\arcgis\desktop10.2\ArcToolbox\Toolboxes\Data Management Tools.tbx\CalculateField" Date="20170503" Time="125121">CalculateField Indo TAHUN "2015" VB #</Process><Process ToolSource="c:\program files (x86)\arcgis\desktop10.2\ArcToolbox\Toolboxes\Data Management Tools.tbx\CalculateField" Date="20170503" Time="125129">CalculateField Indo SUMBER "BPS" VB #</Process><Process ToolSource="c:\program files (x86)\arcgis\desktop10.2\ArcToolbox\Toolboxes\Data Management Tools.tbx\CalculateField" Date="20170503" Time="125354">CalculateField Indo KECNO "011" VB #</Process><Process ToolSource="c:\program files (x86)\arcgis\desktop10.2\ArcToolbox\Toolboxes\Data Management Tools.tbx\CalculateField" Date="20170503" Time="125436">CalculateField Indo IDDESA "[PROVNO]+ [KABKOTNO]+ [KECNO]+ [DESANO]" VB #</Process><Process ToolSource="c:\program files (x86)\arcgis\desktop10.2\ArcToolbox\Toolboxes\Data Management Tools.tbx\CalculateField" Date="20170503" Time="130857">CalculateField Indo KECAMATAN "TOMINI" VB #</Process><Process ToolSource="c:\program files (x86)\arcgis\desktop10.2\ArcToolbox\Toolboxes\Data Management Tools.tbx\CalculateField" Date="20170503" Time="131412">CalculateField Indo KECAMATAN "MOOAT" VB #</Process><Process ToolSource="c:\program files (x86)\arcgis\desktop10.2\ArcToolbox\Toolboxes\Data Management Tools.tbx\CalculateField" Date="20170504" Time="161224">CalculateField Indo IDKECA "[PROVNO]+ [KABKOTNO]+ [KECNO]" VB #</Process><Process ToolSource="c:\program files (x86)\arcgis\desktop10.2\ArcToolbox\Toolboxes\Data Management Tools.tbx\CalculateField" Date="20170505" Time="102255">CalculateField Indo IDKAB "[PROVNO]+ [KABKOTNO]" VB #</Process><Process ToolSource="c:\program files (x86)\arcgis\desktop10.2\ArcToolbox\Toolboxes\Data Management Tools.tbx\CalculateField" Date="20170505" Time="103803">CalculateField Indo IDKAB "[PROVNO] + [KABKOTNO]" VB #</Process><Process ToolSource="c:\program files (x86)\arcgis\desktop10.2\ArcToolbox\Toolboxes\Data Management Tools.tbx\CalculateField" Date="20170505" Time="111332">CalculateField Indo idkec "[PROVNO]+ [KABKOTNO]+ [KECNO]" VB #</Process><Process ToolSource="c:\program files (x86)\arcgis\desktop10.2\ArcToolbox\Toolboxes\Data Management Tools.tbx\CalculateField" Date="20170505" Time="111418">CalculateField Indo idkec "[PROVNO]+ [KABKOTNO]+ [KECNO]" VB #</Process><Process ToolSource="c:\program files (x86)\arcgis\desktop10.2\ArcToolbox\Toolboxes\Data Management Tools.tbx\CalculateField" Date="20170505" Time="113100">CalculateField INDO_DESA_2016_3 idkec "[PROVNO]+ [KABKOTNO]+ [KECNO]" VB #</Process><Process ToolSource="c:\program files (x86)\arcgis\desktop10.2\ArcToolbox\Toolboxes\Data Management Tools.tbx\CalculateField" Date="20170505" Time="153018">CalculateField INDO_DESA_2016_3 PROVNO Left( [IDDESA],2  ) VB #</Process><Process ToolSource="c:\program files (x86)\arcgis\desktop10.2\ArcToolbox\Toolboxes\Data Management Tools.tbx\CalculateField" Date="20170505" Time="153212">CalculateField INDO_DESA_2016_3 KABKOTNO Mid( [IDDESA],3,2  ) VB #</Process><Process ToolSource="c:\program files (x86)\arcgis\desktop10.2\ArcToolbox\Toolboxes\Data Management Tools.tbx\CalculateField" Date="20170505" Time="153317">CalculateField INDO_DESA_2016_3 KECNO Mid( [IDDESA],5,3  ) VB #</Process><Process ToolSource="c:\program files (x86)\arcgis\desktop10.2\ArcToolbox\Toolboxes\Data Management Tools.tbx\CalculateField" Date="20170505" Time="153408">CalculateField INDO_DESA_2016_3 DESANO Mid( [IDDESA],8,3  ) VB #</Process><Process ToolSource="c:\program files (x86)\arcgis\desktop10.2\ArcToolbox\Toolboxes\Data Management Tools.tbx\CalculateField" Date="20170505" Time="153432">CalculateField INDO_DESA_2016_3 idkec "[PROVNO]+ [KABKOTNO]+ [KECNO]" VB #</Process><Process ToolSource="c:\program files (x86)\arcgis\desktop10.2\ArcToolbox\Toolboxes\Data Management Tools.tbx\CalculateField" Date="20170505" Time="155633">CalculateField INDO_DESA_2016_3 DESANO "005" VB #</Process><Process ToolSource="c:\program files (x86)\arcgis\desktop10.2\ArcToolbox\Toolboxes\Data Management Tools.tbx\CalculateField" Date="20170505" Time="155644">CalculateField INDO_DESA_2016_3 IDDESA "[PROVNO]+ [KABKOTNO]+ [KECNO]+ [DESANO]" VB #</Process><Process ToolSource="c:\program files (x86)\arcgis\desktop10.2\ArcToolbox\Toolboxes\Data Management Tools.tbx\CalculateField" Date="20170505" Time="160353">CalculateField INDO_DESA_2016_3 IDDESA "8107013023" VB #</Process><Process ToolSource="c:\program files (x86)\arcgis\desktop10.2\ArcToolbox\Toolboxes\Data Management Tools.tbx\CalculateField" Date="20170505" Time="160411">CalculateField INDO_DESA_2016_3 KECNO "013" VB #</Process><Process ToolSource="c:\program files (x86)\arcgis\desktop10.2\ArcToolbox\Toolboxes\Data Management Tools.tbx\CalculateField" Date="20170505" Time="160437">CalculateField INDO_DESA_2016_3 KECAMATAN "GOROM TIMUR" VB #</Process><Process ToolSource="c:\program files (x86)\arcgis\desktop10.2\ArcToolbox\Toolboxes\Data Management Tools.tbx\CalculateField" Date="20170508" Time="115730">CalculateField INDO_DESA_2016_4 TAHUN "2016" VB #</Process><Process ToolSource="c:\program files (x86)\arcgis\desktop10.2\ArcToolbox\Toolboxes\Data Management Tools.tbx\CalculateField" Date="20190917" Time="124056">CalculateField INDO_DESA_2016 IDKEC "[PROVNO] &amp; [KABKOTNO] &amp; [KECNO]" VB #</Process><Process ToolSource="c:\program files (x86)\arcgis\desktop10.2\ArcToolbox\Toolboxes\Data Management Tools.tbx\CalculateField" Date="20190917" Time="124130">CalculateField INDO_DESA_2016 IDKAB "[PROVNO] &amp; [KABKOTNO]" VB #</Process><Process ToolSource="c:\program files (x86)\arcgis\desktop10.2\ArcToolbox\Toolboxes\Data Management Tools.tbx\CalculateField" Date="20190917" Time="124536">CalculateField INDO_DESA_2016 LUAS_DESA !shape.area@hectares! PYTHON_9.3 #</Process><Process ToolSource="c:\program files (x86)\arcgis\desktop10.2\ArcToolbox\Toolboxes\Data Management Tools.tbx\CalculateField" Date="20190917" Time="124640">CalculateField INDO_DESA_2016 HA_DESA !LUAS_DESA! PYTHON_9.3 #</Process><Process ToolSource="c:\program files (x86)\arcgis\desktop10.2\ArcToolbox\Toolboxes\Data Management Tools.tbx\CalculateField" Date="20190917" Time="142557">CalculateField INDO_DESA_2016 KABKOTNO "14A" VB #</Process><Process ToolSource="c:\program files (x86)\arcgis\desktop10.2\ArcToolbox\Toolboxes\Data Management Tools.tbx\CalculateField" Date="20190917" Time="142619">CalculateField INDO_DESA_2016 KABKOTNO 14 VB #</Process><Process ToolSource="c:\program files (x86)\arcgis\desktop10.2\ArcToolbox\Toolboxes\Data Management Tools.tbx\CalculateField" Date="20190917" Time="142644">CalculateField INDO_DESA_2016 KECNO "031A" VB #</Process><Process ToolSource="c:\program files (x86)\arcgis\desktop10.2\ArcToolbox\Toolboxes\Data Management Tools.tbx\CalculateField" Date="20190917" Time="142718">CalculateField INDO_DESA_2016 KECNO "031" VB #</Process><Process ToolSource="c:\program files (x86)\arcgis\desktop10.2\ArcToolbox\Toolboxes\Data Management Tools.tbx\CalculateField" Date="20190917" Time="143252">CalculateField INDO_DESA_2016 KECNO 036 VB #</Process><Process ToolSource="c:\program files (x86)\arcgis\desktop10.2\ArcToolbox\Toolboxes\Data Management Tools.tbx\CalculateField" Date="20190917" Time="143302">CalculateField INDO_DESA_2016 KECNO "036" VB #</Process><Process ToolSource="c:\program files (x86)\arcgis\desktop10.2\ArcToolbox\Toolboxes\Data Management Tools.tbx\CalculateField" Date="20190917" Time="144809">CalculateField INDO_DESA_2016 KECNO "064" VB #</Process><Process ToolSource="c:\program files (x86)\arcgis\desktop10.2\ArcToolbox\Toolboxes\Data Management Tools.tbx\CalculateField" Date="20190917" Time="145205">CalculateField INDO_DESA_2016 KECNO "065" VB #</Process><Process ToolSource="c:\program files (x86)\arcgis\desktop10.2\ArcToolbox\Toolboxes\Data Management Tools.tbx\CalculateField" Date="20190917" Time="145354">CalculateField INDO_DESA_2016 KECNO "062" VB #</Process><Process ToolSource="c:\program files (x86)\arcgis\desktop10.2\ArcToolbox\Toolboxes\Data Management Tools.tbx\CalculateField" Date="20190917" Time="145553">CalculateField INDO_DESA_2016 KECNO "042" VB #</Process><Process ToolSource="c:\program files (x86)\arcgis\desktop10.2\ArcToolbox\Toolboxes\Data Management Tools.tbx\CalculateField" Date="20190917" Time="150011">CalculateField INDO_DESA_2016 KECAMATAN "060" VB #</Process><Process ToolSource="c:\program files (x86)\arcgis\desktop10.2\ArcToolbox\Toolboxes\Data Management Tools.tbx\CalculateField" Date="20190917" Time="161042">CalculateField INDO_DESA_2016 IDDESA "[PROVNO]&amp; [KABKOTNO]&amp; [KECNO]&amp; [DESANO]" VB #</Process><Process ToolSource="c:\program files (x86)\arcgis\desktop10.2\ArcToolbox\Toolboxes\Data Management Tools.tbx\CalculateField" Date="20190917" Time="161123">CalculateField INDO_DESA_2016 IDKEC "[PROVNO]&amp; [KABKOTNO]&amp; [KECNO]" VB #</Process><Process ToolSource="c:\program files (x86)\arcgis\desktop10.2\ArcToolbox\Toolboxes\Data Management Tools.tbx\CalculateField" Date="20190917" Time="161156">CalculateField INDO_DESA_2016 IDKAB "[PROVNO]&amp; [KABKOTNO]" VB #</Process><Process ToolSource="c:\program files (x86)\arcgis\desktop10.2\ArcToolbox\Toolboxes\Data Management Tools.tbx\RepairGeometry" Date="20191227" Time="121921">RepairGeometry INDO_DESA_2016 DELETE_NULL</Process><Process ToolSource="c:\program files (x86)\arcgis\desktop10.2\ArcToolbox\Toolboxes\Data Management Tools.tbx\CalculateField" Date="20191227" Time="122311">CalculateField INDO_DESA_2016 idpulau left( [IDKEC] ,1) VB #</Process><Process ToolSource="c:\program files\arcgis\pro\Resources\ArcToolbox\toolboxes\Conversion Tools.tbx\FeatureClassToFeatureClass" Date="20220311" Time="140059">FeatureClassToFeatureClass INDO_DESA_2016 D:\GoogleDrive\07_Training\18_GEE Jayapura.shp # "PROVNO "PROVNO" true true false 2 Text 0 0,First,#,INDO_DESA_2016,PROVNO,0,2;KABKOTNO "KABKOTNO" true true false 2 Text 0 0,First,#,INDO_DESA_2016,KABKOTNO,0,2;KECNO "KECNO" true true false 3 Text 0 0,First,#,INDO_DESA_2016,KECNO,0,3;DESANO "DESANO" true true false 3 Text 0 0,First,#,INDO_DESA_2016,DESANO,0,3;PROVINSI "PROVINSI" true true false 50 Text 0 0,First,#,INDO_DESA_2016,PROVINSI,0,50;KABKOT "KABKOT" true true false 50 Text 0 0,First,#,INDO_DESA_2016,KABKOT,0,50;KECAMATAN "KECAMATAN" true true false 50 Text 0 0,First,#,INDO_DESA_2016,KECAMATAN,0,50;DESA "DESA" true true false 50 Text 0 0,First,#,INDO_DESA_2016,DESA,0,50;IDDESA "IDDESA" true true false 10 Text 0 0,First,#,INDO_DESA_2016,IDDESA,0,10;TAHUN "TAHUN" true true false 4 Text 0 0,First,#,INDO_DESA_2016,TAHUN,0,4;SUMBER "SUMBER" true true false 3 Text 0 0,First,#,INDO_DESA_2016,SUMBER,0,3;IDKEC "IDKEC" true true false 50 Text 0 0,First,#,INDO_DESA_2016,IDKEC,0,50;IDKAB "IDKAB" true true false 50 Text 0 0,First,#,INDO_DESA_2016,IDKAB,0,50;HA_DESA "HA_DESA" true true false 19 Double 0 0,First,#,INDO_DESA_2016,HA_DESA,-1,-1;idpulau "idpulau" true true false 4 Short 0 4,First,#,INDO_DESA_2016,idpulau,-1,-1" #</Process></lineage><itemProps><itemName Sync="TRUE">Jayapura</itemName><imsContentType Sync="TRUE">002</imsContentType><itemSize Sync="TRUE">0.000</itemSize><itemLocation><linkage Sync="TRUE">file://\\MANESSA\D$\GoogleDrive\07_Training\18_GEE\Jayapura.shp</linkage><protocol Sync="TRUE">Local Area Network</protocol></itemLocation></itemProps><coordRef><type Sync="TRUE">Geographic</type><geogcsn Sync="TRUE">GCS_WGS_1984</geogcsn><csUnits Sync="TRUE">Angular Unit: Degree (0.017453)</csUnits><peXml Sync="TRUE">&lt;GeographicCoordinateSystem xsi:type='typens:GeographicCoordinateSystem' xmlns:xsi='http://www.w3.org/2001/XMLSchema-instance' xmlns:xs='http://www.w3.org/2001/XMLSchema' xmlns:typens='http://www.esri.com/schemas/ArcGIS/2.8.0'&gt;&lt;WKT&gt;GEOGCS[&amp;quot;GCS_WGS_1984&amp;quot;,DATUM[&amp;quot;D_WGS_1984&amp;quot;,SPHEROID[&amp;quot;WGS_1984&amp;quot;,6378137.0,298.257223563]],PRIMEM[&amp;quot;Greenwich&amp;quot;,0.0],UNIT[&amp;quot;Degree&amp;quot;,0.0174532925199433],AUTHORITY[&amp;quot;EPSG&amp;quot;,4326]]&lt;/WKT&gt;&lt;XOrigin&gt;-400&lt;/XOrigin&gt;&lt;YOrigin&gt;-400&lt;/YOrigin&gt;&lt;XYScale&gt;11258999068426.238&lt;/XYScale&gt;&lt;ZOrigin&gt;-100000&lt;/ZOrigin&gt;&lt;ZScale&gt;10000&lt;/ZScale&gt;&lt;MOrigin&gt;-100000&lt;/MOrigin&gt;&lt;MScale&gt;10000&lt;/MScale&gt;&lt;XYTolerance&gt;8.983152841195215e-09&lt;/XYTolerance&gt;&lt;ZTolerance&gt;0.001&lt;/ZTolerance&gt;&lt;MTolerance&gt;0.001&lt;/MTolerance&gt;&lt;HighPrecision&gt;true&lt;/HighPrecision&gt;&lt;LeftLongitude&gt;-180&lt;/LeftLongitude&gt;&lt;WKID&gt;4326&lt;/WKID&gt;&lt;LatestWKID&gt;4326&lt;/LatestWKID&gt;&lt;/GeographicCoordinateSystem&gt;</peXml></coordRef></DataProperties><SyncDate>20220311</SyncDate><SyncTime>14005800</SyncTime><ModDate>20220311</ModDate><ModTime>14005800</ModTime></Esri><dataIdInfo><envirDesc Sync="TRUE">Microsoft Windows 10 Version 10.0 (Build 22000) ; Esri ArcGIS 12.8.0.29751</envirDesc><dataLang><languageCode value="eng" Sync="TRUE"></languageCode><countryCode value="USA" Sync="TRUE"></countryCode></dataLang><idCitation><resTitle Sync="TRUE">Jayapura</resTitle><presForm><PresFormCd value="005" Sync="TRUE"></PresFormCd></presForm></idCitation><spatRpType><SpatRepTypCd value="001" Sync="TRUE"></SpatRepTypCd></spatRpType></dataIdInfo><mdLang><languageCode value="eng" Sync="TRUE"></languageCode><countryCode value="USA" Sync="TRUE"></countryCode></mdLang><mdChar><CharSetCd value="004" Sync="TRUE"></CharSetCd></mdChar><distInfo><distFormat><formatName Sync="TRUE">Shapefile</formatName></distFormat><distTranOps><transSize Sync="TRUE">0.000</transSize></distTranOps></distInfo><mdHrLv><ScopeCd value="005" Sync="TRUE"></ScopeCd></mdHrLv><mdHrLvName Sync="TRUE">dataset</mdHrLvName><refSysInfo><RefSystem><refSysID><identCode code="4326" Sync="TRUE"></identCode><idCodeSpace Sync="TRUE">EPSG</idCodeSpace><idVersion Sync="TRUE">6.2(3.0.1)</idVersion></refSysID></RefSystem></refSysInfo><spatRepInfo><VectSpatRep><geometObjs Name="Jayapura"><geoObjTyp><GeoObjTypCd value="002" Sync="TRUE"></GeoObjTypCd></geoObjTyp><geoObjCnt Sync="TRUE">0</geoObjCnt></geometObjs><topLvl><TopoLevCd value="001" Sync="TRUE"></TopoLevCd></topLvl></VectSpatRep></spatRepInfo><spdoinfo><ptvctinf><esriterm Name="Jayapura"><efeatyp Sync="TRUE">Simple</efeatyp><efeageom code="4" Sync="TRUE"></efeageom><esritopo Sync="TRUE">FALSE</esritopo><efeacnt Sync="TRUE">0</efeacnt><spindex Sync="TRUE">FALSE</spindex><linrefer Sync="TRUE">TRUE</linrefer></esriterm></ptvctinf></spdoinfo><eainfo><detailed Name="Jayapura"><enttyp><enttypl Sync="TRUE">Jayapura</enttypl><enttypt Sync="TRUE">Feature Class</enttypt><enttypc Sync="TRUE">0</enttypc></enttyp><attr><attrlabl Sync="TRUE">FID</attrlabl><attalias Sync="TRUE">FID</attalias><attrtype Sync="TRUE">OID</attrtype><attwidth Sync="TRUE">4</attwidth><atprecis Sync="TRUE">0</atprecis><attscale Sync="TRUE">0</attscale><attrdef Sync="TRUE">Internal feature number.</attrdef><attrdefs Sync="TRUE">Esri</attrdefs><attrdomv><udom Sync="TRUE">Sequential unique whole numbers that are automatically generated.</udom></attrdomv></attr><attr><attrlabl Sync="TRUE">Shape</attrlabl><attalias Sync="TRUE">Shape</attalias><attrtype Sync="TRUE">Geometry</attrtype><attwidth Sync="TRUE">0</attwidth><atprecis Sync="TRUE">0</atprecis><attscale Sync="TRUE">0</attscale><attrdef Sync="TRUE">Feature geometry.</attrdef><attrdefs Sync="TRUE">Esri</attrdefs><attrdomv><udom Sync="TRUE">Coordinates defining the features.</udom></attrdomv></attr><attr><attrlabl Sync="TRUE">PROVNO</attrlabl><attalias Sync="TRUE">PROVNO</attalias><attrtype Sync="TRUE">String</attrtype><attwidth Sync="TRUE">2</attwidth><atprecis Sync="TRUE">0</atprecis><attscale Sync="TRUE">0</attscale></attr><attr><attrlabl Sync="TRUE">KABKOTNO</attrlabl><attalias Sync="TRUE">KABKOTNO</attalias><attrtype Sync="TRUE">String</attrtype><attwidth Sync="TRUE">2</attwidth><atprecis Sync="TRUE">0</atprecis><attscale Sync="TRUE">0</attscale></attr><attr><attrlabl Sync="TRUE">KECNO</attrlabl><attalias Sync="TRUE">KECNO</attalias><attrtype Sync="TRUE">String</attrtype><attwidth Sync="TRUE">3</attwidth><atprecis Sync="TRUE">0</atprecis><attscale Sync="TRUE">0</attscale></attr><attr><attrlabl Sync="TRUE">DESANO</attrlabl><attalias Sync="TRUE">DESANO</attalias><attrtype Sync="TRUE">String</attrtype><attwidth Sync="TRUE">3</attwidth><atprecis Sync="TRUE">0</atprecis><attscale Sync="TRUE">0</attscale></attr><attr><attrlabl Sync="TRUE">PROVINSI</attrlabl><attalias Sync="TRUE">PROVINSI</attalias><attrtype Sync="TRUE">String</attrtype><attwidth Sync="TRUE">50</attwidth><atprecis Sync="TRUE">0</atprecis><attscale Sync="TRUE">0</attscale></attr><attr><attrlabl Sync="TRUE">KABKOT</attrlabl><attalias Sync="TRUE">KABKOT</attalias><attrtype Sync="TRUE">String</attrtype><attwidth Sync="TRUE">50</attwidth><atprecis Sync="TRUE">0</atprecis><attscale Sync="TRUE">0</attscale></attr><attr><attrlabl Sync="TRUE">KECAMATAN</attrlabl><attalias Sync="TRUE">KECAMATAN</attalias><attrtype Sync="TRUE">String</attrtype><attwidth Sync="TRUE">50</attwidth><atprecis Sync="TRUE">0</atprecis><attscale Sync="TRUE">0</attscale></attr><attr><attrlabl Sync="TRUE">DESA</attrlabl><attalias Sync="TRUE">DESA</attalias><attrtype Sync="TRUE">String</attrtype><attwidth Sync="TRUE">50</attwidth><atprecis Sync="TRUE">0</atprecis><attscale Sync="TRUE">0</attscale></attr><attr><attrlabl Sync="TRUE">IDDESA</attrlabl><attalias Sync="TRUE">IDDESA</attalias><attrtype Sync="TRUE">String</attrtype><attwidth Sync="TRUE">10</attwidth><atprecis Sync="TRUE">0</atprecis><attscale Sync="TRUE">0</attscale></attr><attr><attrlabl Sync="TRUE">TAHUN</attrlabl><attalias Sync="TRUE">TAHUN</attalias><attrtype Sync="TRUE">String</attrtype><attwidth Sync="TRUE">4</attwidth><atprecis Sync="TRUE">0</atprecis><attscale Sync="TRUE">0</attscale></attr><attr><attrlabl Sync="TRUE">SUMBER</attrlabl><attalias Sync="TRUE">SUMBER</attalias><attrtype Sync="TRUE">String</attrtype><attwidth Sync="TRUE">3</attwidth><atprecis Sync="TRUE">0</atprecis><attscale Sync="TRUE">0</attscale></attr><attr><attrlabl Sync="TRUE">IDKEC</attrlabl><attalias Sync="TRUE">IDKEC</attalias><attrtype Sync="TRUE">String</attrtype><attwidth Sync="TRUE">50</attwidth><atprecis Sync="TRUE">0</atprecis><attscale Sync="TRUE">0</attscale></attr><attr><attrlabl Sync="TRUE">IDKAB</attrlabl><attalias Sync="TRUE">IDKAB</attalias><attrtype Sync="TRUE">String</attrtype><attwidth Sync="TRUE">50</attwidth><atprecis Sync="TRUE">0</atprecis><attscale Sync="TRUE">0</attscale></attr><attr><attrlabl Sync="TRUE">HA_DESA</attrlabl><attalias Sync="TRUE">HA_DESA</attalias><attrtype Sync="TRUE">Double</attrtype><attwidth Sync="TRUE">19</attwidth><atprecis Sync="TRUE">0</atprecis><attscale Sync="TRUE">0</attscale></attr><attr><attrlabl Sync="TRUE">idpulau</attrlabl><attalias Sync="TRUE">idpulau</attalias><attrtype Sync="TRUE">SmallInteger</attrtype><attwidth Sync="TRUE">4</attwidth><atprecis Sync="TRUE">4</atprecis><attscale Sync="TRUE">0</attscale></attr></detailed></eainfo><mdDateSt Sync="TRUE">20220311</mdDateSt></metadata>
